{
  "table": "data/processed/braf_vemurafenib.parquet",
  "placement": {
    "centroid": [
      0.10239219095092267,
      0.12446929595898837,
      0.1948885964229703,
      -0.07386956823756918,
      0.04164344617311144,
      0.0007090995422913693,
      0.08613105257973075,
      -0.043770777323516086,
      -0.034651453141123056,
      -0.13397876254748553,
      0.26822892436757684,
      0.00015329709657407875,
      0.028799987252568826,
      -0.08936187566723675,
      0.08991831477032974,
      0.19873009715229273,
      0.020789790851267753,
      0.14917966397479177,
      -0.12063519773073494,
      -0.15140183176845312,
      -0.17376645258627832,
      -0.039230534952366725,
      -0.07055687870888505,
      -0.10339627094253956,
      0.08500887453374162,
      0.10281070388009539,
      -0.08903228098643012,
      0.13361303927376866,
      -0.18305350909940898,
      0.1880769906565547,
      0.01829155290397466,
      -0.05224989665293833,
      0.06774284232869832,
      0.036580245359800756,
      -0.00941474564751843,
      -0.006875820574350655,
      0.035266335296910256,
      0.03949319226660464,
      -0.09338611806742847,
      0.2420005958992988,
      0.05777934502111748,
      -0.004202193716423608,
      0.22250629879999906,
      0.04701688280329108,
      0.03237707360312925,
      0.127168083563447,
      0.15980492439121008,
      0.09594891598680988,
      -0.17664991377387196,
      -0.06022343973745592,
      -0.16125032398849726,
      -0.023339567767834524,
      0.1359237537253648,
      -0.02884871669812128,
      -0.3255084347911179,
      0.09312447282718495,
      -0.05515329055197071,
      -0.025092478492297232,
      -0.030470930305455113,
      0.16907958104275167,
      0.06957682421489153,
      -0.16347847995348275,
      0.07842292616260238,
      -0.08073982293717563
    ],
    "n_mutant": 47,
    "n_wt": 14,
    "median_distance_mutant": 0.8396910900026043,
    "median_distance_wt": 0.8696304247749367,
    "u_statistic": 231.0,
    "p_value": 0.047243117706378894,
    "effect_size": 0.648936170212766,
    "effect_size_ci_low": 0.46496960486322186,
    "effect_size_ci_high": 0.8343465045592705,
    "n_boot": 2000
  },
  "response_link": {
    "rho": 0.20888501742160284,
    "p_value": 0.18997037878114378,
    "ci_low": -0.10892107128486889,
    "ci_high": 0.4931856745232171,
    "n_boot": 2000,
    "n": 41,
    "n_mutant": 33,
    "n_wt": 8
  }
}