{
  "lineages": [
    "BLCA",
    "BRCA",
    "COAD",
    "GBM",
    "HNSC",
    "KIRC",
    "LGG",
    "LIHC",
    "LUAD",
    "LUSC",
    "OV",
    "PAAD",
    "READ",
    "SKCM",
    "STAD"
  ],
  "chance_level": 0.06666666666666667,
  "k": 5,
  "real_value": 0.7837837837837838,
  "short_epochs": 5,
  "eval_only": {
    "real_value": 0.7837837837837838,
    "null_values": [
      0.036036036036036036,
      0.05405405405405406,
      0.07207207207207207,
      0.02702702702702703,
      0.11711711711711711,
      0.08108108108108109,
      0.10810810810810811,
      0.09009009009009009,
      0.07207207207207207,
      0.02702702702702703,
      0.07207207207207207,
      0.13513513513513514,
      0.06306306306306306,
      0.009009009009009009,
      0.018018018018018018,
      0.12612612612612611,
      0.036036036036036036,
      0.18018018018018017,
      0.07207207207207207,
      0.036036036036036036,
      0.018018018018018018,
      0.02702702702702703,
      0.02702702702702703,
      0.018018018018018018,
      0.07207207207207207,
      0.04504504504504504,
      0.1891891891891892,
      0.07207207207207207,
      0.036036036036036036,
      0.04504504504504504,
      0.04504504504504504,
      0.09009009009009009,
      0.11711711711711711,
      0.10810810810810811,
      0.09009009009009009,
      0.05405405405405406,
      0.036036036036036036,
      0.07207207207207207,
      0.02702702702702703,
      0.04504504504504504,
      0.05405405405405406,
      0.05405405405405406,
      0.16216216216216217,
      0.036036036036036036,
      0.07207207207207207,
      0.036036036036036036,
      0.08108108108108109,
      0.08108108108108109,
      0.09009009009009009,
      0.18018018018018017,
      0.05405405405405406,
      0.15315315315315314,
      0.009009009009009009,
      0.0990990990990991,
      0.09009009009009009,
      0.07207207207207207,
      0.009009009009009009,
      0.1981981981981982,
      0.08108108108108109,
      0.13513513513513514,
      0.05405405405405406,
      0.13513513513513514,
      0.14414414414414414,
      0.08108108108108109,
      0.08108108108108109,
      0.06306306306306306,
      0.018018018018018018,
      0.07207207207207207,
      0.09009009009009009,
      0.02702702702702703,
      0.0990990990990991,
      0.14414414414414414,
      0.009009009009009009,
      0.1981981981981982,
      0.04504504504504504,
      0.13513513513513514,
      0.1981981981981982,
      0.0990990990990991,
      0.11711711711711711,
      0.06306306306306306,
      0.036036036036036036,
      0.036036036036036036,
      0.036036036036036036,
      0.07207207207207207,
      0.06306306306306306,
      0.09009009009009009,
      0.06306306306306306,
      0.09009009009009009,
      0.02702702702702703,
      0.08108108108108109,
      0.08108108108108109,
      0.0,
      0.09009009009009009,
      0.018018018018018018,
      0.07207207207207207,
      0.09009009009009009,
      0.10810810810810811,
      0.11711711711711711,
      0.13513513513513514,
      0.0990990990990991
    ],
    "null_mean": 0.07693693693693694,
    "null_max": 0.1981981981981982,
    "n_perm": 100,
    "p_value": 0.009900990099009901
  },
  "retrain": {
    "real_value": 0.7837837837837838,
    "null_values": [
      0.05405405405405406,
      0.14414414414414414,
      0.0990990990990991,
      0.07207207207207207,
      0.06306306306306306,
      0.07207207207207207,
      0.13513513513513514,
      0.07207207207207207,
      0.09009009009009009,
      0.05405405405405406,
      0.06306306306306306,
      0.10810810810810811,
      0.08108108108108109,
      0.09009009009009009,
      0.036036036036036036,
      0.036036036036036036,
      0.07207207207207207,
      0.036036036036036036,
      0.11711711711711711,
      0.036036036036036036,
      0.10810810810810811,
      0.09009009009009009,
      0.05405405405405406,
      0.05405405405405406,
      0.009009009009009009,
      0.036036036036036036,
      0.04504504504504504,
      0.12612612612612611,
      0.09009009009009009,
      0.04504504504504504,
      0.09009009009009009,
      0.08108108108108109,
      0.036036036036036036,
      0.06306306306306306,
      0.07207207207207207,
      0.08108108108108109,
      0.11711711711711711,
      0.04504504504504504,
      0.09009009009009009,
      0.05405405405405406,
      0.009009009009009009,
      0.036036036036036036,
      0.0990990990990991,
      0.036036036036036036,
      0.07207207207207207,
      0.05405405405405406,
      0.07207207207207207,
      0.04504504504504504,
      0.12612612612612611,
      0.06306306306306306,
      0.05405405405405406,
      0.10810810810810811,
      0.06306306306306306,
      0.06306306306306306,
      0.06306306306306306,
      0.04504504504504504,
      0.04504504504504504,
      0.06306306306306306,
      0.06306306306306306,
      0.0990990990990991,
      0.0990990990990991,
      0.06306306306306306,
      0.04504504504504504,
      0.0990990990990991,
      0.0990990990990991,
      0.018018018018018018,
      0.07207207207207207,
      0.06306306306306306,
      0.07207207207207207,
      0.04504504504504504,
      0.07207207207207207,
      0.036036036036036036,
      0.09009009009009009,
      0.07207207207207207,
      0.036036036036036036,
      0.08108108108108109,
      0.08108108108108109,
      0.07207207207207207,
      0.10810810810810811,
      0.04504504504504504,
      0.17117117117117117,
      0.0990990990990991,
      0.08108108108108109,
      0.0990990990990991,
      0.07207207207207207,
      0.05405405405405406,
      0.05405405405405406,
      0.06306306306306306,
      0.08108108108108109,
      0.05405405405405406,
      0.036036036036036036,
      0.08108108108108109,
      0.07207207207207207,
      0.09009009009009009,
      0.0990990990990991,
      0.02702702702702703,
      0.02702702702702703,
      0.04504504504504504,
      0.07207207207207207,
      0.06306306306306306
    ],
    "null_mean": 0.0700900900900901,
    "null_max": 0.17117117117117117,
    "n_perm": 100,
    "p_value": 0.009900990099009901
  },
  "decision": "PASS"
}